<?xml version='1.0' encoding='ISO-8859-15'?>
<listeMessageCAN>
 <messageCAN nom="BROADCAST_START" code="0x0001" />
 <messageCAN nom="BROADCAST_STOP_ALL" code="0x0002" />
 <messageCAN nom="BROADCAST_COULEUR" code="0x0003" >
  <parametre nom="COULEUR" string0="BLEU" string1="JAUNE" type="String" taille="Uint8" />
 </messageCAN>
 <messageCAN nom="SUPER_ASK_COLOR" code="0x0200" >
  <parametre nom="COULEUR" string0="BLEU" string1="JAUNE" type="String" taille="Uint8" />
 </messageCAN>
 <messageCAN nom="SUPER_ASK_CONFIG" code="0x0201" />
 <messageCAN nom="SUPER_CONFIG_IS" code="0x0500" />
 <messageCAN nom="CARTE_P_TRAJ_FINIE" code="0x0210" >
  <parametre nom="X" type="Int" />
  <parametre nom="Y" type="Int" />
  <parametre nom="A" type="Int" />
 </messageCAN>
 <messageCAN nom="CARTE_P_ASSER_ERREUR" code="0x0211" >
  <parametre nom="X" type="Int" />
  <parametre nom="Y" type="Int" />
  <parametre nom="A" type="Int" />
 </messageCAN>
 <messageCAN nom="CARTE_P_POSITION_ROBOT" code="0x0004" >
  <parametre nom="X" type="Int" />
  <parametre nom="Y" type="Int" />
  <parametre nom="A" type="Int" />
 </messageCAN>
 <messageCAN nom="CARTE_P_ROBOT_FREINE" code="0x0213" >
  <parametre nom="X" type="Int" />
  <parametre nom="Y" type="Int" />
  <parametre nom="A" type="Int" />
 </messageCAN>
 <messageCAN nom="ASSER_GO_POSITION" code="0x0155" >
  <parametre nom="Config" type="Int" taille="Uint8" />
  <parametre nom="X" type="Int" taille="Uint16" />
  <parametre nom="Y" type="Int" taille="Uint16" />
  <parametre nom="VITESSE" string0="RAPIDE" string1="LENT" type="String" taille="Uint8" />
  <parametre nom="DIRECTION" string0="IDEAL" string1="ARRIERE" string2="AVANT" type="String" taille="Uint8" />
  <parametre nom="RAYON DE COURBURE" type="Int" taille="Uint8" />
 </messageCAN>
 <messageCAN nom="ASSER_STOP" code="0x0101" />
 <messageCAN nom="ASSER_GO_ANGLE" code="0x0177" >
  <parametre nom="Config" type="Int" taille="Uint8" />
  <parametre nom="A" type="Int" taille="Uint16" />
  <parametre nom="VITESSE" string0="RAPIDE" string1="LENT" type="String" taille="Uint8" />
  <parametre nom="DIRECTION" string0="IDEAL" string1="ARRIERE" string2="AVANT" type="String" taille="Uint8" />
 </messageCAN>
 <messageCAN nom="ASSER_TELL_POSITION" code="0x0105" />
 <messageCAN nom="CARTE_ASSER_FIN_ERREUR" code="0x0106" />
 <messageCAN nom="ASSER_SET_POSITION" code="0x0107" >
  <parametre nom="X" type="Int" />
  <parametre nom="Y" type="Int" />
  <parametre nom="A" type="Int" />
 </messageCAN>
 <messageCAN nom="ASSER_TYPE_ASSERVISSEMENT" code="0x0108" />
 <messageCAN nom="ASSER_RUSH_IN_THE_WALL" code="0x0109" >
  <parametre nom="DIRECTION" string0="IDEAL" string1="ARRIERE" string2="AVANT" type="String" taille="Uint8" />
 </messageCAN>
 <messageCAN nom="ASSER_CALIBRATION" code="0x010B" />
 <messageCAN nom="ASSER_WARN_ANGLE" code="0x010C" />
 <messageCAN nom="ASSER_WARN_X" code="0x010D" />
 <messageCAN nom="ASSER_WARN_Y" code="0x010E" />
 <messageCAN nom="ACT1_DCM_STATE" code="0x0220" >
  <parametre nom="motor_id" string0="ACT_BELT" string1="ACT_LIFT" type="Int" taille="Uint8" />
  <parametre nom="act_position" string0="ACT_OPENED" string1="ACT_CLOSED" string2="ACT_WIDE_OPEN" type="Int" taille="Uint8" string3="ACT_BOTTOM" string4="ACT_MIDDLE" string5="ACT_TOP" />
 </messageCAN>
 <messageCAN nom="ACT_CORN_GET" code="0x0300" />
 <messageCAN nom="ACT_CORN_DROP" code="0x0301" />
 <messageCAN nom="ACT_TOMATO_GET" code="0x0302" />
 <messageCAN nom="ACT_TOMATO_DROP" code="0x0303" />
 <messageCAN nom="ACT_DCM_SETPOS" code="0x0342" >
  <parametre nom="motor_id" string0="ACT_BELT" string1="ACT_LIFT" type="Int" taille="Uint8" />
  <parametre nom="act_position" string0="ACT_OPENED" string1="ACT_CLOSED" string2="ACT_WIDE_OPEN" type="Int" taille="Uint8" string3="ACT_BOTTOM" string4="ACT_MIDDLE" string5="ACT_TOP" />
 </messageCAN>
 <messageCAN nom="ACT_TOMATO_ROLL_OUT" code="0x0343" />
 <messageCAN nom="SENSOR_RUN_SCAN" code="0x0600" />
 <messageCAN nom="SENSOR_GET_VALUE" code="0x0601" />
 <messageCAN nom="SENSOR_REARM" code="0x0602" />
 <messageCAN nom="SENSOR_SET_TRESHOLD" code="0x0603" />
 <messageCAN nom="SENSOR_GET_SIDE_VALUE" code="0x0604" />
 <messageCAN nom="SENSOR_STOP" code="0x0605" />
 <messageCAN nom="SENSOR_SEE" code="0x0240" />
 <messageCAN nom="SENSOR_TOPO" code="0x0241" />
 <messageCAN nom="SENSOR_VALUE" code="0x0242" />
 <messageCAN nom="SENSOR_SPOT" code="0x0243" />
 <messageCAN nom="SENSOR_MAP_IS" code="0x0244" />
 <messageCAN nom="DEBUG_CAN_MESSAGE" code="0x0742" />
 <messageCAN nom="SENSOR_MIDDLE_SCAN_RESULT" code="0x0244" />
 <messageCAN nom="BEACON_TELL_DISPENSER_POSITION" code="0x0510" />
 <messageCAN nom="BEACON_POS" code="0x0250" >
  <parametre nom="X" type="Int" />
  <parametre nom="Y" type="Int" />
 </messageCAN>
 <messageCAN nom="BEACON_DISPENSER_POSITION_IS" code="0x0251" />
 <messageCAN nom="DEBUG_ASSER_POINT_FICTIF" code="0x0701" >
  <parametre nom="X" type="Int" />
  <parametre nom="Y" type="Int" />
 </messageCAN>
 <messageCAN nom="DEBUG_PROPULSION_REGLAGE_COEF_ODOMETRIE_SYM" code="0x0702" />
 <messageCAN nom="DEBUG_PROPULSION_REGLAGE_COEF_ODOMETRIE_ROTATION" code="0x0703" />
 <messageCAN nom="DEBUG_PROPULSION_REGLAGE_COEF_ODOMETRIE_TRANSLATION" code="0x0704" />
 <messageCAN nom="DEBUG_PROPULSION_REGLAGE_COEF_KP_ROTATION" code="0x0705" />
 <messageCAN nom="DEBUG_PROPULSION_REGLAGE_COEF_KD_ROTATION" code="0x0706" />
 <messageCAN nom="DEBUG_PROPULSION_REGLAGE_COEF_KP_TRANSLATION" code="0x0707" />
 <messageCAN nom="DEBUG_PROPULSION_REGLAGE_COEF_KD_TRANSLATION" code="0x0708" />
 <messageCAN nom="FOE_POS" code="0x0748" >
  <parametre nom="Erreur" type="Int" taille="Uint8" />
  <parametre nom="A" type="Int" taille="Uint16" />
  <parametre nom="Distance" type="Int" taille="Uint8" />
  <parametre nom="X" type="Int" taille="Uint16" />
  <parametre nom="Y" type="Int" taille="Uint16" />
 </messageCAN>
</listeMessageCAN>
