<?xml version='1.0' encoding='ISO-8859-15'?>
<listeParametres>
 <parametre nom="Config" type="Int" taille="Uint8" />
 <parametre nom="X" type="Int" taille="Uint16" />
 <parametre nom="Y" type="Int" taille="Uint16" />
 <parametre nom="A" type="Int" taille="Uint16" />
 <parametre nom="VITESSE" string0="RAPIDE" string1="LENT" type="String" taille="Uint8" />
 <parametre nom="DIRECTION" string0="IDEAL" string1="ARRIERE" string2="AVANT" type="String" taille="Uint8" />
 <parametre nom="RAYON DE COURBURE" type="Int" taille="Uint8" />
 <parametre nom="COULEUR" string0="BLEU" string1="JAUNE" type="String" taille="Uint8" />
 <parametre nom="motor_id" string0="ACT_BELT" string1="ACT_LIFT" type="Int" taille="Uint8" />
 <parametre nom="act_position" string0="ACT_OPENED" string1="ACT_CLOSED" string2="ACT_WIDE_OPEN" type="Int" taille="Uint8" string3="ACT_BOTTOM" string4="ACT_MIDDLE" string5="ACT_TOP" />
 <parametre nom="Erreur" type="Int" taille="Uint8" />
 <parametre nom="Distance" type="Int" taille="Uint8" />
</listeParametres>
