<?xml version="1.0" encoding="UTF-8"?><project xmlns="http://www.netbeans.org/ns/project/1">
    <type>com.microchip.mplab.nbide.embedded.makeproject</type>
    <configuration>
        <data xmlns="http://www.netbeans.org/ns/make-project/1">
            <name>Balises_IR_2010</name>
            <creation-uuid>8bf81fb8-16a5-419e-a7d8-b8cee2f7013c</creation-uuid>
            <make-project-type>0</make-project-type>
            <c-extensions>c</c-extensions>
            <cpp-extensions/>
            <header-extensions>h</header-extensions>
            <sourceEncoding>ISO-8859-1</sourceEncoding>
            <asminc-extensions/>
            <make-dep-projects/>
        </data>
    </configuration>
</project>
